n_image1,0,0,402,11,0
n_image2,0,0,917,27,0
n_image3,0,0,887,14,0
n_image4,42,1,437,10,0
n_image5,41,1,86,3,0
n_image6,30,1,74,2,0
n_image7,77,2,127,3,0
n_image8,0,0,401,11,0
n_image9,0,0,691,10,0
n_image10,429,2,517,12,0
n_image11,48,1,277,6,0
n_image12,0,0,41,2,0
n_image13,0,0,1943,20,0
n_image14,179,2,224,7,0
n_image15,0,0,169,4,0
n_image16,105,3,155,5,0
n_image17,314,4,0,0,0
n_image18,0,0,0,0,0
n_image19,223,6,0,0,0
n_image20,304,6,25,1,0
n_image21,47,1,94,3,0
n_image22,0,0,597,9,0
n_image23,0,0,72,3,0
n_image24,0,0,817,12,0
n_image25,0,0,411,13,0
n_image26,245,6,825,22,0
n_image27,0,0,0,0,0
n_image28,84,1,763,23,0
n_image29,0,0,220,8,0
n_image30,50,1,434,9,0
n_image31,0,0,220,5,0
n_image32,230,5,0,0,0
n_image33,0,0,427,6,0
n_image34,0,0,0,0,0
n_image35,0,0,27,1,0
n_image36,0,0,119,1,0
n_image37,0,0,0,0,0
n_image38,83,2,0,0,0
n_image39,0,0,127,3,0
n_image40,128,2,37,1,0
n_image41,199,3,0,0,0
n_image42,0,0,2022,10,0
n_image43,0,0,728,12,0
n_image44,248,4,19,1,0
n_image45,0,0,0,0,0
n_image46,0,0,269,8,0
n_image47,0,0,264,6,0
n_image48,104,2,563,15,0
n_image49,62,1,1369,16,0
n_image50,107,3,284,9,0
n_image51,0,0,186,3,0
n_image52,0,0,23,1,0
n_image53,188,5,530,5,0
n_image54,62,1,93,1,0
n_image55,0,0,35,1,0
n_image56,31,1,17,1,0
n_image57,204,3,0,0,0
n_image58,0,0,0,0,0
n_image59,52,1,178,4,0
n_image60,106,2,627,6,0
n_image61,0,0,38,2,0
n_image62,251,4,479,10,0
n_image63,176,5,20,1,0
n_image64,65,2,177,4,0
n_image65,0,0,0,0,0
n_image66,0,0,23,1,0
n_image67,94,2,0,0,0
n_image68,484,9,1694,34,0
n_image69,135,4,1087,28,0
n_image70,34,1,0,0,0
n_image71,142,4,1453,20,0
n_image72,51,1,161,4,0
n_image73,117,2,652,8,0
n_image74,270,1,2260,16,0
n_image75,184,3,19,1,0
n_image76,68,2,0,0,0
n_image77,0,0,107,3,0
n_image78,0,0,344,1,0
n_image79,131,3,0,0,0
n_image80,522,9,0,0,0
n_image81,116,3,0,0,0
n_image82,651,3,0,0,0
n_image83,43,1,49,2,0
n_image84,28,1,0,0,0
n_image85,0,0,245,5,0
n_image86,0,0,0,0,0
n_image87,31,1,0,0,0
n_image88,1502,16,0,0,0
n_image89,311,5,0,0,0
n_image90,0,0,0,0,0
n_image91,80,1,0,0,0
n_image92,0,0,120,1,0
n_image93,0,0,0,0,0
n_image94,0,0,0,0,0
n_image95,50,1,0,0,0
n_image96,63,1,233,7,0
n_image97,0,0,623,14,0
n_image98,0,0,0,0,0
n_image99,59,1,0,0,0
n_image100,0,0,0,0,0
n_image101,116,2,460,7,0
n_image102,80,2,259,8,0
n_image103,248,6,21,1,0
n_image104,39,1,0,0,0
n_image105,0,0,274,9,0
n_image106,0,0,68,2,0
n_image107,0,0,0,0,0
n_image108,0,0,0,0,0
n_image109,57,1,0,0,0
n_image110,0,0,45,2,0
n_image111,533,11,0,0,0
n_image112,102,1,0,0,0
n_image113,251,6,0,0,0
n_image114,183,4,0,0,0
n_image115,0,0,0,0,0
n_image116,0,0,0,0,0
n_image117,60,2,70,3,0
n_image118,0,0,0,0,0
n_image119,0,0,88,3,0
n_image120,0,0,0,0,0
n_image121,60,1,65,3,0
n_image122,99,3,0,0,0
n_image123,0,0,566,7,0
n_image124,169,4,0,0,0
n_image125,35,1,0,0,0
n_image126,0,0,199,3,0
n_image127,105,3,516,6,0
n_image128,39,1,0,0,0
n_image129,30,1,56,2,0
n_image130,90,2,0,0,0
n_image131,41,1,0,0,0
n_image132,491,11,0,0,0
n_image133,0,0,886,2,0
n_image134,0,0,58,1,0
n_image135,0,0,0,0,0
n_image136,361,1,269,4,0
n_image137,0,0,251,6,0
n_image138,0,0,240,6,0
n_image139,0,0,409,7,0
n_image140,389,5,141,4,0
n_image141,487,5,234,10,0
n_image142,160,3,0,0,0
n_image143,73,2,0,0,0
n_image144,0,0,732,12,0
n_image145,0,0,395,5,0
n_image146,0,0,0,0,0
n_image147,0,0,0,0,0
n_image148,0,0,219,7,0
n_image149,123,3,17,1,0
n_image150,285,5,0,0,0
l_image1,0,0,600,12,1
l_image2,226,3,195,6,1
l_image3,0,0,110,4,1
l_image4,0,0,361,10,1
l_image5,0,0,0,0,1
l_image6,0,0,432,6,1
l_image7,0,0,0,0,1
l_image8,0,0,78,3,1
l_image9,0,0,3507,57,1
l_image10,0,0,41,2,1
l_image11,108,3,0,0,1
l_image12,267,6,1094,23,1
l_image13,0,0,2086,33,1
l_image14,143,3,619,19,1
l_image15,60,2,728,20,1
l_image16,48,1,670,12,1
l_image17,0,0,110,3,1
l_image18,530,13,0,0,1
l_image19,287,7,0,0,1
l_image20,0,0,0,0,1
l_image21,65,1,1364,36,1
l_image22,0,0,373,7,1
l_image23,81,1,0,0,1
l_image24,0,0,175,4,1
l_image25,538,12,208,2,1
l_image26,0,0,0,0,1
l_image27,113,2,0,0,1
l_image28,0,0,0,0,1
l_image29,504,7,91,3,1
l_image30,0,0,484,15,1
l_image31,824,16,0,0,1
l_image32,188,4,350,7,1
l_image33,36,1,0,0,1
l_image34,0,0,31,1,1
l_image35,47,1,82,3,1
l_image36,340,4,129,2,1
l_image37,169,1,823,7,1
l_image38,620,11,0,0,1
l_image39,438,7,0,0,1
l_image40,199,5,0,0,1
l_image41,131,3,0,0,1
l_image42,456,10,0,0,1
l_image43,1490,25,0,0,1
l_image44,0,0,0,0,1
l_image45,108,2,0,0,1
l_image46,113,2,116,4,1
l_image47,115,2,468,14,1
l_image48,122,2,0,0,1
l_image49,412,8,433,5,1
l_image50,343,5,0,0,1
l_image51,564,2,1036,9,1
l_image52,255,3,1024,18,1
l_image53,95,2,181,2,1
l_image54,0,0,0,0,1
l_image55,0,0,0,0,1
l_image56,44,1,20,1,1
l_image57,264,6,0,0,1
l_image58,921,16,0,0,1
l_image59,1317,18,90,1,1
l_image60,133,3,0,0,1
l_image61,344,5,0,0,1
l_image62,339,7,0,0,1
l_image63,551,9,0,0,1
l_image64,139,3,0,0,1
l_image65,35,1,0,0,1
l_image66,635,8,0,0,1
l_image67,82,2,157,4,1
l_image68,265,2,124,4,1
l_image69,0,0,300,6,1
l_image70,0,0,0,0,1
l_image71,44,1,0,0,1
l_image72,175,4,29,1,1
l_image73,197,3,0,0,1
l_image74,259,2,38,1,1
l_image75,52,1,0,0,1
l_image76,29,1,0,0,1
l_image77,336,5,0,0,1
l_image78,684,11,0,0,1
l_image79,1913,34,0,0,1
l_image80,282,5,597,7,1
l_image81,254,2,0,0,1
l_image82,265,4,0,0,1
l_image83,61,1,483,10,1
l_image84,70,2,0,0,1
l_image85,402,2,58,2,1
l_image86,81,1,0,0,1
l_image87,160,3,0,0,1
l_image88,256,4,0,0,1
l_image89,240,4,0,0,1
l_image90,982,6,0,0,1
l_image91,122,3,0,0,1
l_image92,177,4,0,0,1
l_image93,684,11,0,0,1
l_image94,323,5,0,0,1
l_image95,201,4,297,9,1
l_image96,621,3,18,1,1
l_image97,134,2,0,0,1
l_image98,0,0,240,3,1
l_image99,120,2,21,1,1
l_image100,33,1,210,5,1
l_image101,213,5,286,3,1
l_image102,0,0,214,3,1
l_image103,297,1,477,4,1
l_image104,0,0,126,2,1
l_image105,0,0,314,6,1
l_image106,0,0,154,1,1
l_image107,103,2,443,5,1
l_image108,0,0,464,5,1
l_image109,249,5,19,1,1
l_image110,95,2,1603,32,1
l_image111,0,0,265,4,1
l_image112,0,0,864,21,1
l_image113,258,5,239,6,1
l_image114,100,3,243,5,1
l_image115,46,1,383,7,1
l_image116,0,0,555,11,1
l_image117,481,1,105,2,1
l_image118,93,1,1005,18,1
l_image119,320,3,770,20,1
l_image120,202,4,940,19,1
l_image121,0,0,986,27,1
l_image122,0,0,190,5,1
l_image123,92,2,0,0,1
l_image124,273,1,1206,19,1
l_image125,179,3,0,0,1
l_image126,504,3,283,8,1
l_image127,0,0,347,6,1
l_image128,0,0,104,4,1
l_image129,502,3,236,6,1
l_image130,36,1,1448,6,1
l_image131,204,2,71,1,1
l_image132,36,1,1448,6,1
l_image133,54,1,234,3,1
l_image134,140,2,0,0,1
l_image135,42,1,262,4,1
l_image136,31,1,506,9,1
l_image137,0,0,592,9,1
l_image138,140,2,0,0,1
l_image139,0,0,180,5,1
l_image140,0,0,0,0,1
l_image141,187,1,0,0,1
l_image142,386,3,0,0,1
l_image143,0,0,157,2,1
l_image144,204,2,71,1,1
l_image145,42,1,262,4,1
l_image146,301,3,0,0,1
l_image147,0,0,0,0,1
l_image148,144,4,0,0,1
l_image149,1012,19,0,0,1
l_image150,231,1,162,1,1
m_image1,374,7,0,0,2
m_image2,72,1,2954,47,2
m_image3,40,1,1772,37,2
m_image4,0,0,161,4,2
m_image5,42,1,1019,11,2
m_image6,0,0,817,9,2
m_image7,0,0,501,17,2
m_image8,192,3,0,0,2
m_image9,0,0,0,0,2
m_image10,101,2,0,0,2
m_image11,36,1,228,8,2
m_image12,0,0,463,12,2
m_image13,190,4,0,0,2
m_image14,276,6,36,1,2
m_image15,77,1,0,0,2
m_image16,103,3,332,8,2
m_image17,0,0,42,2,2
m_image18,0,0,691,16,2
m_image19,33,1,248,7,2
m_image20,1346,18,0,0,2
m_image21,68,1,0,0,2
m_image22,1661,17,0,0,2
m_image23,222,5,123,4,2
m_image24,0,0,468,8,2
m_image25,0,0,211,7,2
m_image26,32,1,343,5,2
m_image27,290,2,0,0,2
m_image28,871,11,0,0,2
m_image29,246,6,274,8,2
m_image30,362,8,0,0,2
m_image31,0,0,836,9,2
m_image32,227,5,0,0,2
m_image33,764,16,0,0,2
m_image34,249,4,0,0,2
m_image35,914,11,0,0,2
m_image36,297,8,692,17,2
m_image37,93,1,208,5,2
m_image38,0,0,200,4,2
m_image39,0,0,391,4,2
m_image40,88,1,266,7,2
m_image41,0,0,764,10,2
m_image42,480,11,258,7,2
m_image43,356,2,1669,35,2
m_image44,359,3,179,8,2
m_image45,125,3,287,8,2
m_image46,138,1,1323,13,2
m_image47,0,0,1669,14,2
m_image48,649,7,0,0,2
m_image49,0,0,0,0,2
m_image50,692,9,0,0,2
m_image51,0,0,0,0,2
m_image52,0,0,108,4,2
m_image53,32,1,214,6,2
m_image54,0,0,0,0,2
m_image55,355,7,610,15,2
m_image56,0,0,818,13,2
m_image57,725,7,0,0,2
m_image58,1378,22,34,1,2
m_image59,1538,30,0,0,2
m_image60,74,1,314,11,2
m_image61,0,0,464,11,2
m_image62,0,0,0,0,2
m_image63,756,3,54,2,2
m_image64,0,0,176,2,2
m_image65,1148,18,938,18,2
m_image66,511,9,1929,13,2
m_image67,374,4,0,0,2
m_image68,571,1,0,0,2
m_image69,35,1,88,4,2
m_image70,0,0,159,3,2
m_image71,92,2,957,13,2
m_image72,32,1,613,10,2
m_image73,983,4,805,16,2
m_image74,727,12,0,0,2
m_image75,357,1,2561,43,2
m_image76,1974,13,0,0,2
m_image77,375,4,0,0,2
m_image78,127,1,0,0,2
m_image79,89,2,0,0,2
m_image80,177,4,203,4,2
m_image81,344,3,503,12,2
m_image82,95,2,0,0,2
m_image83,711,10,0,0,2
m_image84,207,3,0,0,2
m_image85,0,0,0,0,2
m_image86,29,1,341,10,2
m_image87,185,4,1029,12,2
m_image88,162,3,318,6,2
m_image89,71,2,37,1,2
m_image90,451,5,0,0,2
m_image91,169,4,0,0,2
m_image92,717,6,569,5,2
m_image93,363,3,626,9,2
m_image94,0,0,0,0,2
m_image95,256,6,0,0,2
m_image96,114,2,0,0,2
m_image97,730,10,0,0,2
m_image98,815,10,0,0,2
m_image99,68,2,56,2,2
m_image100,315,2,23,1,2
m_image101,98,1,0,0,2
m_image102,0,0,0,0,2
m_image103,126,2,861,14,2
m_image104,371,3,514,3,2
m_image105,0,0,17,1,2
m_image106,680,10,0,0,2
m_image107,41,1,0,0,2
m_image108,566,3,0,0,2
m_image109,53,1,1253,20,2
m_image110,0,0,2024,30,2
m_image111,313,5,0,0,2
m_image112,124,2,0,0,2
m_image113,1257,22,0,0,2
m_image114,264,5,0,0,2
m_image115,104,2,0,0,2
m_image116,229,5,0,0,2
m_image117,454,6,0,0,2
m_image118,444,10,863,11,2
m_image119,856,15,0,0,2
m_image120,1394,22,42,1,2
m_image121,1114,18,0,0,2
m_image122,0,0,0,0,2
m_image123,404,6,0,0,2
m_image124,505,2,897,16,2
m_image125,1675,23,0,0,2
m_image126,0,0,549,6,2
m_image127,0,0,0,0,2
m_image128,295,6,0,0,2
m_image129,853,16,148,3,2
m_image130,848,16,504,14,2
m_image131,147,3,50,2,2
m_image132,31,1,74,1,2
m_image133,213,2,0,0,2
m_image134,317,7,0,0,2
m_image135,466,5,44,1,2
m_image136,86,2,370,10,2
m_image137,0,0,175,2,2
m_image138,0,0,282,6,2
m_image139,900,11,0,0,2
m_image140,0,0,587,10,2
m_image141,42,1,581,4,2
m_image142,127,2,744,13,2
m_image143,384,7,133,3,2
m_image144,0,0,0,0,2
m_image145,123,2,275,5,2
m_image146,228,4,321,10,2
m_image147,230,3,72,2,2
m_image148,192,3,0,0,2
m_image149,65,2,0,0,2
m_image150,192,4,0,0,2
s_image1,464,5,224,9,3
s_image2,385,5,0,0,3
s_image3,0,0,212,5,3
s_image4,555,9,138,2,3
s_image5,148,1,735,12,3
s_image6,598,9,896,19,3
s_image7,717,10,377,5,3
s_image8,0,0,72,1,3
s_image9,2058,10,59,2,3
s_image10,950,3,4747,52,3
s_image11,201,3,630,14,3
s_image12,0,0,4278,79,3
s_image13,0,0,10001,105,3
s_image14,0,0,2431,33,3
s_image15,0,0,2850,52,3
s_image16,3437,12,3005,33,3
s_image17,739,1,2941,54,3
s_image18,0,0,5357,75,3
s_image19,38,1,68,2,3
s_image20,29,1,56,2,3
s_image21,0,0,898,17,3
s_image22,0,0,336,5,3
s_image23,0,0,0,0,3
s_image24,1147,15,849,12,3
s_image25,126,1,289,5,3
s_image26,1138,2,1456,16,3
s_image27,346,5,829,10,3
s_image28,34,1,607,12,3
s_image29,71,1,145,3,3
s_image30,0,0,1114,16,3
s_image31,60,1,0,0,3
s_image32,0,0,120,3,3
s_image33,0,0,0,0,3
s_image34,0,0,18,1,3
s_image35,41,1,254,3,3
s_image36,0,0,0,0,3
s_image37,0,0,5924,40,3
s_image38,0,0,943,17,3
s_image39,0,0,0,0,3
s_image40,0,0,2499,47,3
s_image41,660,3,233,7,3
s_image42,955,11,3565,25,3
s_image43,269,6,966,21,3
s_image44,59,1,34,1,3
s_image45,0,0,383,1,3
s_image46,0,0,290,7,3
s_image47,0,0,39,2,3
s_image48,1763,20,1483,15,3
s_image49,0,0,20,1,3
s_image50,503,3,1015,23,3
s_image51,243,2,1081,15,3
s_image52,126,1,1659,45,3
s_image53,0,0,8044,93,3
s_image54,1586,9,1524,19,3
s_image55,1248,7,5825,34,3
s_image56,48,1,8294,96,3
s_image57,34,1,8704,82,3
s_image58,30,1,452,3,3
s_image59,285,2,172,3,3
s_image60,2416,23,0,0,3
s_image61,400,3,24,1,3
s_image62,35,1,0,0,3
s_image63,0,0,0,0,3
s_image64,0,0,71,3,3
s_image65,82,1,753,11,3
s_image66,31,1,0,0,3
s_image67,1430,15,603,16,3
s_image68,261,3,9429,107,3
s_image69,0,0,3703,62,3
s_image70,490,1,3205,39,3
s_image71,49,1,741,4,3
s_image72,360,4,764,17,3
s_image73,594,9,4395,48,3
s_image74,502,5,5039,64,3
s_image75,1316,4,168,4,3
s_image76,0,0,378,4,3
s_image77,29,1,259,5,3
s_image78,0,0,0,0,3
s_image79,0,0,0,0,3
s_image80,109,1,0,0,3
s_image81,0,0,1362,14,3
s_image82,0,0,429,3,3
s_image83,379,3,222,3,3
s_image84,0,0,8616,23,3
s_image85,0,0,558,10,3
s_image86,0,0,441,11,3
s_image87,908,5,1035,22,3
s_image88,107,1,4297,73,3
s_image89,74,2,51,1,3
s_image90,0,0,2918,6,3
s_image91,461,2,560,8,3
s_image92,0,0,848,8,3
s_image93,2668,28,3812,65,3
s_image94,1860,10,5682,87,3
s_image95,110,2,281,6,3
s_image96,0,0,701,12,3
s_image97,1907,19,0,0,3
s_image98,2927,27,0,0,3
s_image99,0,0,1223,16,3
s_image100,0,0,155,3,3
s_image101,706,6,0,0,3
s_image102,0,0,4858,50,3
s_image103,110,1,10206,15,3
s_image104,1105,20,0,0,3
s_image105,41,1,305,9,3
s_image106,71,1,0,0,3
s_image107,209,2,45,2,3
s_image108,1379,15,0,0,3
s_image109,552,6,2940,14,3
s_image110,30,1,1138,25,3
s_image111,0,0,895,18,3
s_image112,116,2,0,0,3
s_image113,0,0,0,0,3
s_image114,916,10,1457,30,3
s_image115,0,0,5273,45,3
s_image116,442,11,0,0,3
s_image117,1427,20,516,11,3
s_image118,78,2,169,4,3
s_image119,361,7,283,4,3
s_image120,48,1,1275,25,3
s_image121,684,8,86,3,3
s_image122,34,1,0,0,3
s_image123,0,0,198,1,3
s_image124,0,0,0,0,3
s_image125,0,0,7725,48,3
s_image126,0,0,7324,53,3
s_image127,537,3,17,1,3
s_image128,345,1,642,4,3
s_image129,106,1,0,0,3
s_image130,0,0,198,5,3
s_image131,0,0,277,9,3
s_image132,0,0,18,1,3
s_image133,418,3,0,0,3
s_image134,1398,13,128,2,3
s_image135,439,3,717,12,3
s_image136,104,3,2918,6,3
s_image137,1148,6,255,8,3
s_image138,94,2,1543,30,3
s_image139,127,2,0,0,3
s_image140,0,0,117,1,3
s_image141,465,5,0,0,3
s_image142,1154,8,0,0,3
s_image143,61,2,2466,39,3
s_image144,0,0,2911,45,3
s_image145,2270,10,0,0,3
s_image146,115,3,0,0,3
s_image147,0,0,0,0,3
s_image148,136,2,1156,24,3
s_image149,943,7,228,5,3
s_image150,5480,44,0,0,3
